user_name,muslim_score,bins,muslim
"[anonymized]",-.99463391,1,0
"[anonymized]",-1.5531484,1,0
"[anonymized]",-1.3383964,1,0
"[anonymized]",-.969423,1,0
"[anonymized]",-1.0445839,1,0
"[anonymized]",-.96016067,1,0
"[anonymized]",-1.2271885,1,0
"[anonymized]",-1.1199361,1,0
"[anonymized]",-1.5294892,1,0
"[anonymized]",-1.4309318,1,0
"[anonymized]",-.97009575,1,0
"[anonymized]",-1.4091524,1,0
"[anonymized]",-1.1506932,1,0
"[anonymized]",-1.2005877,1,0
"[anonymized]",-1.4211469,1,0
"[anonymized]",-1.094574,1,0
"[anonymized]",-1.2091242,1,0
"[anonymized]",-2.5260975,1,0
"[anonymized]",-1.3174684,1,0
"[anonymized]",-1.542204,1,0
"[anonymized]",-1.5871834,1,0
"[anonymized]",-1.6810696,1,0
"[anonymized]",-.98518759,1,0
"[anonymized]",-1.0783854,1,0
"[anonymized]",-.94724888,1,0
"[anonymized]",-1.5757481,1,0
"[anonymized]",-.91274399,1,0
"[anonymized]",-1.3796847,1,0
"[anonymized]",-.98274153,1,0
"[anonymized]",-1.1649797,1,0
"[anonymized]",-.99757451,1,0
"[anonymized]",-1.0075513,1,0
"[anonymized]",-1.2824475,1,0
"[anonymized]",-1.0256954,1,0
"[anonymized]",-1.256873,1,0
"[anonymized]",-1.6478662,1,0
"[anonymized]",-1.2023766,1,0
"[anonymized]",-1.1956364,1,0
"[anonymized]",-1.37019,1,0
"[anonymized]",-.9529987,1,0
"[anonymized]",-1.2177725,1,0
"[anonymized]",-1.3569728,1,0
"[anonymized]",-.92338109,1,0
"[anonymized]",-1.8982216,1,0
"[anonymized]",-1.2985709,1,0
"[anonymized]",-1.0009811,1,0
"[anonymized]",-.99970675,1,0
"[anonymized]",-1.350789,1,0
"[anonymized]",-.90400815,1,0
"[anonymized]",-1.864091,1,0
"[anonymized]",-.8622328,2,0
"[anonymized]",-.81527561,2,0
"[anonymized]",-.88042104,2,0
"[anonymized]",-.8713221,2,0
"[anonymized]",-.89777291,2,0
"[anonymized]",-.85155165,2,0
"[anonymized]",-.89354312,2,0
"[anonymized]",-.85240149,2,0
"[anonymized]",-.84413481,2,0
"[anonymized]",-.89520615,2,0
"[anonymized]",-.83136159,2,0
"[anonymized]",-.87006986,2,0
"[anonymized]",-.85625428,2,0
"[anonymized]",-.82476062,2,0
"[anonymized]",-.84665674,2,0
"[anonymized]",-.85653305,2,0
"[anonymized]",-.82826358,2,0
"[anonymized]",-.87454784,2,0
"[anonymized]",-.80029082,2,0
"[anonymized]",-.82943702,2,0
"[anonymized]",-.81104404,2,0
"[anonymized]",-.89335644,2,0
"[anonymized]",-.84341419,2,0
"[anonymized]",-.84939784,2,0
"[anonymized]",-.81393808,2,0
"[anonymized]",-.8854534,2,0
"[anonymized]",-.88752443,2,0
"[anonymized]",-.8929854,2,0
"[anonymized]",-.839176,2,0
"[anonymized]",-.81774151,2,0
"[anonymized]",-.84056753,2,0
"[anonymized]",-.87927514,2,0
"[anonymized]",-.8560003,2,0
"[anonymized]",-.83647388,2,0
"[anonymized]",-.83342892,2,0
"[anonymized]",-.85881883,2,0
"[anonymized]",-.80896175,2,0
"[anonymized]",-.89544809,2,0
"[anonymized]",-.80330455,2,0
"[anonymized]",-.81335002,2,0
"[anonymized]",-.8519243,2,0
"[anonymized]",-.81955141,2,0
"[anonymized]",-.84030694,2,0
"[anonymized]",-.80551511,2,0
"[anonymized]",-.89504284,2,0
"[anonymized]",-.8652668,2,0
"[anonymized]",-.84164464,2,0
"[anonymized]",-.83386278,2,0
"[anonymized]",-.83792871,2,0
"[anonymized]",-.86777401,2,0
"[anonymized]",-.78145564,3,0
"[anonymized]",-.73944098,3,0
"[anonymized]",-.75637424,3,0
"[anonymized]",-.7358284,3,0
"[anonymized]",-.78615433,3,0
"[anonymized]",-.75170189,3,0
"[anonymized]",-.70944643,3,0
"[anonymized]",-.78477174,3,0
"[anonymized]",-.78565222,3,0
"[anonymized]",-.76082569,3,0
"[anonymized]",-.73050642,3,0
"[anonymized]",-.71585655,3,0
"[anonymized]",-.77175361,3,0
"[anonymized]",-.7155444,3,0
"[anonymized]",-.71728814,3,0
"[anonymized]",-.71795738,3,0
"[anonymized]",-.72901469,3,0
"[anonymized]",-.70371908,3,0
"[anonymized]",-.78958637,3,0
"[anonymized]",-.78618509,3,0
"[anonymized]",-.79703975,3,0
"[anonymized]",-.78523129,3,0
"[anonymized]",-.74168199,3,0
"[anonymized]",-.70786464,3,0
"[anonymized]",-.76377147,3,0
"[anonymized]",-.77664655,3,0
"[anonymized]",-.78589565,3,0
"[anonymized]",-.7639125,3,0
"[anonymized]",-.71176434,3,0
"[anonymized]",-.72440845,3,0
"[anonymized]",-.71241164,3,0
"[anonymized]",-.70211339,3,0
"[anonymized]",-.7021901,3,0
"[anonymized]",-.79635251,3,0
"[anonymized]",-.7021901,3,0
"[anonymized]",-.70348155,3,0
"[anonymized]",-.75280374,3,0
"[anonymized]",-.72033888,3,0
"[anonymized]",-.71873212,3,0
"[anonymized]",-.78632277,3,0
"[anonymized]",-.76101094,3,0
"[anonymized]",-.72933418,3,0
"[anonymized]",-.72905451,3,0
"[anonymized]",-.76797056,3,0
"[anonymized]",-.72881854,3,0
"[anonymized]",-.72793132,3,0
"[anonymized]",-.79325551,3,0
"[anonymized]",-.75163466,3,0
"[anonymized]",-.61547011,4,0
"[anonymized]",-.68112832,4,0
"[anonymized]",-.66350847,4,0
"[anonymized]",-.6736933,4,0
"[anonymized]",-.69147503,4,0
"[anonymized]",-.65423882,4,0
"[anonymized]",-.65509671,4,0
"[anonymized]",-.65293902,4,0
"[anonymized]",-.68685782,4,0
"[anonymized]",-.67870092,4,0
"[anonymized]",-.69957328,4,0
"[anonymized]",-.63687032,4,0
"[anonymized]",-.60507286,4,0
"[anonymized]",-.61820269,4,0
"[anonymized]",-.62784529,4,0
"[anonymized]",-.68405461,4,0
"[anonymized]",-.66882998,4,0
"[anonymized]",-.64313668,4,0
"[anonymized]",-.68852055,4,0
"[anonymized]",-.64451289,4,0
"[anonymized]",-.65300357,4,0
"[anonymized]",-.66259521,4,0
"[anonymized]",-.61323476,4,0
"[anonymized]",-.67300773,4,0
"[anonymized]",-.6603055,4,0
"[anonymized]",-.68705839,4,0
"[anonymized]",-.66166395,4,0
"[anonymized]",-.67076898,4,0
"[anonymized]",-.6604321,4,0
"[anonymized]",-.67869985,4,0
"[anonymized]",-.63042086,4,0
"[anonymized]",-.68221337,4,0
"[anonymized]",-.65192586,4,0
"[anonymized]",-.67378354,4,0
"[anonymized]",-.62272495,4,0
"[anonymized]",-.64412785,4,0
"[anonymized]",-.6987772,4,0
"[anonymized]",-.60821939,4,0
"[anonymized]",-.64591545,4,0
"[anonymized]",-.67909616,4,0
"[anonymized]",-.67814189,4,0
"[anonymized]",-.63108855,4,0
"[anonymized]",-.60436052,4,0
"[anonymized]",-.62407923,4,0
"[anonymized]",-.60128331,4,0
"[anonymized]",-.65070671,4,0
"[anonymized]",-.60169882,4,0
"[anonymized]",-.66514021,4,0
"[anonymized]",-.58256054,5,0
"[anonymized]",-.5925948,5,0
"[anonymized]",-.56273663,5,0
"[anonymized]",-.54369676,5,0
"[anonymized]",-.55613261,5,0
"[anonymized]",-.55438107,5,0
"[anonymized]",-.53076184,5,0
"[anonymized]",-.55157959,5,0
"[anonymized]",-.50037909,5,0
"[anonymized]",-.58302134,5,0
"[anonymized]",-.5534994,5,0
"[anonymized]",-.59126264,5,0
"[anonymized]",-.59659582,5,0
"[anonymized]",-.50838596,5,0
"[anonymized]",-.55967546,5,0
"[anonymized]",-.56582099,5,0
"[anonymized]",-.57088363,5,0
"[anonymized]",-.55062616,5,0
"[anonymized]",-.56384063,5,0
"[anonymized]",-.51293766,5,0
"[anonymized]",-.56955391,5,0
"[anonymized]",-.50042737,5,0
"[anonymized]",-.58637708,5,0
"[anonymized]",-.55116123,5,0
"[anonymized]",-.51460373,5,0
"[anonymized]",-.55248314,5,0
"[anonymized]",-.50519341,5,0
"[anonymized]",-.53616142,5,0
"[anonymized]",-.5337624,5,0
"[anonymized]",-.50998938,5,0
"[anonymized]",-.58675373,5,0
"[anonymized]",-.56013852,5,0
"[anonymized]",-.57969213,5,0
"[anonymized]",-.57184798,5,0
"[anonymized]",-.51062691,5,0
"[anonymized]",-.55097395,5,0
"[anonymized]",-.50049561,5,0
"[anonymized]",-.51396775,5,0
"[anonymized]",-.59744239,5,0
"[anonymized]",-.53097773,5,0
"[anonymized]",-.52466244,5,0
"[anonymized]",-.59706432,5,0
"[anonymized]",-.51011306,5,0
"[anonymized]",-.57168323,5,0
"[anonymized]",-.53274322,5,0
"[anonymized]",-.53187448,5,0
"[anonymized]",-.54401416,5,0
"[anonymized]",-.52770686,5,0
"[anonymized]",-.56187516,5,0
"[anonymized]",-.46770367,6,0
"[anonymized]",-.40899155,6,0
"[anonymized]",-.47213146,6,0
"[anonymized]",-.40778115,6,0
"[anonymized]",-.48178187,6,0
"[anonymized]",-.4424313,6,0
"[anonymized]",-.40118328,6,0
"[anonymized]",-.47176549,6,0
"[anonymized]",-.41354483,6,0
"[anonymized]",-.46154234,6,0
"[anonymized]",-.46104506,6,0
"[anonymized]",-.41486013,6,0
"[anonymized]",-.49900556,6,0
"[anonymized]",-.4623698,6,0
"[anonymized]",-.46096644,6,0
"[anonymized]",-.41871029,6,0
"[anonymized]",-.44649017,6,0
"[anonymized]",-.48306718,6,0
"[anonymized]",-.48847207,6,0
"[anonymized]",-.44454286,6,0
"[anonymized]",-.45972592,6,0
"[anonymized]",-.444141,6,0
"[anonymized]",-.40828577,6,0
"[anonymized]",-.43950972,6,0
"[anonymized]",-.45836571,6,0
"[anonymized]",-.46310723,6,0
"[anonymized]",-.41051373,6,0
"[anonymized]",-.42638478,6,0
"[anonymized]",-.4424313,6,0
"[anonymized]",-.42665216,6,0
"[anonymized]",-.4644134,6,0
"[anonymized]",-.48327777,6,0
"[anonymized]",-.47409511,6,0
"[anonymized]",-.42618251,6,0
"[anonymized]",-.49264759,6,0
"[anonymized]",-.41809943,6,0
"[anonymized]",-.43574643,6,0
"[anonymized]",-.4398621,6,0
"[anonymized]",-.48963618,6,0
"[anonymized]",-.48610318,6,0
"[anonymized]",-.44407001,6,0
"[anonymized]",-.48933771,6,0
"[anonymized]",-.45661435,6,0
"[anonymized]",-.47451156,6,0
"[anonymized]",-.40930057,6,0
"[anonymized]",-.45081902,6,0
"[anonymized]",-.4615871,6,0
"[anonymized]",-.43039328,6,0
"[anonymized]",-.4115124,6,0
"[anonymized]",-.32428551,7,0
"[anonymized]",-.36284792,7,0
"[anonymized]",-.35547498,7,0
"[anonymized]",-.30195269,7,0
"[anonymized]",-.39391121,7,0
"[anonymized]",-.34693658,7,0
"[anonymized]",-.36767316,7,0
"[anonymized]",-.31394157,7,0
"[anonymized]",-.31676999,7,0
"[anonymized]",-.32797241,7,0
"[anonymized]",-.31384826,7,0
"[anonymized]",-.30615437,7,0
"[anonymized]",-.37415344,7,0
"[anonymized]",-.38491839,7,0
"[anonymized]",-.36030695,7,0
"[anonymized]",-.36427677,7,0
"[anonymized]",-.37415344,7,0
"[anonymized]",-.3575398,7,0
"[anonymized]",-.31911209,7,0
"[anonymized]",-.34783709,7,0
"[anonymized]",-.3948113,7,0
"[anonymized]",-.39556149,7,0
"[anonymized]",-.38414004,7,0
"[anonymized]",-.34346017,7,0
"[anonymized]",-.37431872,7,0
"[anonymized]",-.33370924,7,0
"[anonymized]",-.39829102,7,0
"[anonymized]",-.32912278,7,0
"[anonymized]",-.35465968,7,0
"[anonymized]",-.36676121,7,0
"[anonymized]",-.31467608,7,0
"[anonymized]",-.33699912,7,0
"[anonymized]",-.34783709,7,0
"[anonymized]",-.3948113,7,0
"[anonymized]",-.38941842,7,0
"[anonymized]",-.32664686,7,0
"[anonymized]",-.36927107,7,0
"[anonymized]",-.36284792,7,0
"[anonymized]",-.34783709,7,0
"[anonymized]",-.33126947,7,0
"[anonymized]",-.39783162,7,0
"[anonymized]",-.39714989,7,0
"[anonymized]",-.28333092,8,0
"[anonymized]",-.24124314,8,0
"[anonymized]",-.2508488,8,0
"[anonymized]",-.26311177,8,0
"[anonymized]",-.22397107,8,0
"[anonymized]",-.20528875,8,0
"[anonymized]",-.24154294,8,0
"[anonymized]",-.2508488,8,0
"[anonymized]",-.20790225,8,0
"[anonymized]",-.28895965,8,0
"[anonymized]",-.27151176,8,0
"[anonymized]",-.21154614,8,0
"[anonymized]",-.20486702,8,0
"[anonymized]",-.2086615,8,0
"[anonymized]",-.23684882,8,0
"[anonymized]",-.2815941,8,0
"[anonymized]",-.27935442,8,0
"[anonymized]",-.25103438,8,0
"[anonymized]",-.2448674,8,0
"[anonymized]",-.23776722,8,0
"[anonymized]",-.27715898,8,0
"[anonymized]",-.2945424,8,0
"[anonymized]",-.22387639,8,0
"[anonymized]",-.28432709,8,0
"[anonymized]",-.27181926,8,0
"[anonymized]",-.23965055,8,0
"[anonymized]",-.26529652,8,0
"[anonymized]",-.2869356,8,0
"[anonymized]",-.29995257,8,0
"[anonymized]",-.21437585,8,0
"[anonymized]",-.22729784,8,0
"[anonymized]",-.27791086,8,0
"[anonymized]",-.27029634,8,0
"[anonymized]",-.24681242,8,0
"[anonymized]",-.21006161,8,0
"[anonymized]",-.26311177,8,0
"[anonymized]",-.21417339,8,0
"[anonymized]",-.28376582,8,0
"[anonymized]",-.26000252,8,0
"[anonymized]",-.25351429,8,0
"[anonymized]",-.27631089,8,0
"[anonymized]",-.21238056,8,0
"[anonymized]",-.2529465,8,0
"[anonymized]",-.28060204,8,0
"[anonymized]",-.25950852,8,0
"[anonymized]",-.13784416,9,0
"[anonymized]",-.17831618,9,0
"[anonymized]",-.18971597,9,0
"[anonymized]",-.18762769,9,0
"[anonymized]",-.1764681,9,0
"[anonymized]",-.17302902,9,0
"[anonymized]",-.19715822,9,0
"[anonymized]",-.19211759,9,0
"[anonymized]",-.17621689,9,0
"[anonymized]",-.15796094,9,0
"[anonymized]",-.16304281,9,0
"[anonymized]",-.15721588,9,0
"[anonymized]",-.10028553,9,0
"[anonymized]",-.11736399,9,0
"[anonymized]",-.16093101,9,0
"[anonymized]",-.18622011,9,0
"[anonymized]",-.10986407,9,0
"[anonymized]",-.1353409,9,0
"[anonymized]",-.11771356,9,0
"[anonymized]",-.15386511,9,0
"[anonymized]",-.13212489,9,0
"[anonymized]",-.19859567,9,0
"[anonymized]",-.17940894,9,0
"[anonymized]",-.16304281,9,0
"[anonymized]",-.18330543,9,0
"[anonymized]",-.14718868,9,0
"[anonymized]",-.15288955,9,0
"[anonymized]",-.13916817,9,0
"[anonymized]",-.15654702,9,0
"[anonymized]",-.11336224,9,0
"[anonymized]",-.19629087,9,0
"[anonymized]",-.1890763,9,0
"[anonymized]",-.1013789,9,0
"[anonymized]",-.19139695,9,0
"[anonymized]",-.1788639,9,0
"[anonymized]",-.17787386,9,0
"[anonymized]",-.136847,9,0
"[anonymized]",-.17951351,9,0
"[anonymized]",-.13257538,9,0
"[anonymized]",-.15816478,9,0
"[anonymized]",-.13321938,9,0
"[anonymized]",-.14226632,9,0
"[anonymized]",-.12293036,9,0
"[anonymized]",-.10899226,9,0
"[anonymized]",-.14755856,9,0
"[anonymized]",-.060638499,10,0
"[anonymized]",-.032825433,10,0
"[anonymized]",-.05755518,10,0
"[anonymized]",-.081180349,10,0
"[anonymized]",-.047721181,10,0
"[anonymized]",-.042113241,10,0
"[anonymized]",-.035181679,10,0
"[anonymized]",-.07076773,10,0
"[anonymized]",-.070643425,10,0
"[anonymized]",-.041227967,10,0
"[anonymized]",-.030653432,10,0
"[anonymized]",-.033726398,10,0
"[anonymized]",-.04544387,10,0
"[anonymized]",-.05755518,10,0
"[anonymized]",-.039366346,10,0
"[anonymized]",-.088363931,10,0
"[anonymized]",-.063222773,10,0
"[anonymized]",-.088363931,10,0
"[anonymized]",-.09419921,10,0
"[anonymized]",-.016739292,10,0
"[anonymized]",-.040425878,10,0
"[anonymized]",-.055790443,10,0
"[anonymized]",-.02930408,10,0
"[anonymized]",-.089229591,10,0
"[anonymized]",-.059815988,10,0
"[anonymized]",-.066730216,10,0
"[anonymized]",-.051529557,10,0
"[anonymized]",.024421979,11,0
"[anonymized]",.054574654,11,0
"[anonymized]",.059838407,11,0
"[anonymized]",.02975085,11,0
"[anonymized]",.0050968812,11,0
"[anonymized]",.02975085,11,0
"[anonymized]",.015407148,11,0
"[anonymized]",.062587343,11,0
"[anonymized]",.0086764172,11,0
"[anonymized]",.04305689,11,0
"[anonymized]",.013850618,11,0
"[anonymized]",.096218035,11,0
"[anonymized]",.013850618,11,0
"[anonymized]",.0775472,11,0
"[anonymized]",.097738363,11,0
"[anonymized]",.086915627,11,0
"[anonymized]",.03680978,11,0
"[anonymized]",.063838601,11,0
"[anonymized]",.013987921,11,0
"[anonymized]",.040897094,11,0
"[anonymized]",.072079614,11,0
"[anonymized]",.055167813,11,0
"[anonymized]",.031386148,11,0
"[anonymized]",.066092104,11,0
"[anonymized]",.086863719,11,0
"[anonymized]",.033025913,11,0
"[anonymized]",.013987921,11,0
"[anonymized]",.11713614,12,0
"[anonymized]",.17402026,12,0
"[anonymized]",.14994328,12,0
"[anonymized]",.11082641,12,0
"[anonymized]",.10609277,12,0
"[anonymized]",.13504231,12,0
"[anonymized]",.12082852,12,0
"[anonymized]",.15147376,12,0
"[anonymized]",.10393914,12,0
"[anonymized]",.10609277,12,0
"[anonymized]",.16450006,12,0
"[anonymized]",.12082852,12,0
"[anonymized]",.12678356,12,0
"[anonymized]",.14012566,12,0
"[anonymized]",.19565894,12,0
"[anonymized]",.16112083,12,0
"[anonymized]",.1582994,12,0
"[anonymized]",.1206828,12,0
"[anonymized]",.10609277,12,0
"[anonymized]",.18519267,12,0
"[anonymized]",.12901923,12,0
"[anonymized]",.11082641,12,0
"[anonymized]",.13026464,12,0
"[anonymized]",.1264469,12,0
"[anonymized]",.26209855,13,0
"[anonymized]",.24944034,13,0
"[anonymized]",.29575488,13,0
"[anonymized]",.24944034,13,0
"[anonymized]",.28449595,13,0
"[anonymized]",.28207141,13,0
"[anonymized]",.26629698,13,0
"[anonymized]",.26504394,13,0
"[anonymized]",.275911,13,0
"[anonymized]",.24279959,13,0
"[anonymized]",.20998828,13,0
"[anonymized]",.24537939,13,0
"[anonymized]",.2851159,13,0
"[anonymized]",.27678907,13,0
"[anonymized]",.24745098,13,0
"[anonymized]",.20998828,13,0
"[anonymized]",.29815662,13,0
"[anonymized]",.24110834,13,0
"[anonymized]",.2910012,13,0
"[anonymized]",.26961553,13,0
"[anonymized]",.24944034,13,0
"[anonymized]",.21577992,13,0
"[anonymized]",.27065018,13,0
"[anonymized]",.23374879,13,0
"[anonymized]",.25968435,13,0
"[anonymized]",.24944034,13,0
"[anonymized]",.2456392,13,0
"[anonymized]",.27287859,13,0
"[anonymized]",.23462024,13,0
"[anonymized]",.26031017,13,0
"[anonymized]",.36636627,14,0
"[anonymized]",.35750699,14,0
"[anonymized]",.35455984,14,0
"[anonymized]",.33810419,14,0
"[anonymized]",.35455984,14,0
"[anonymized]",.35455984,14,0
"[anonymized]",.35455984,14,0
"[anonymized]",.35455984,14,0
"[anonymized]",.35455984,14,0
"[anonymized]",.31965685,14,0
"[anonymized]",.30937579,14,0
"[anonymized]",.32562605,14,0
"[anonymized]",.35455984,14,0
"[anonymized]",.37586093,14,0
"[anonymized]",.40339103,15,0
"[anonymized]",.41993296,15,0
"[anonymized]",.48229852,15,0
"[anonymized]",.40130991,15,0
"[anonymized]",.43439585,15,0
"[anonymized]",.43750548,15,0
"[anonymized]",.43795568,15,0
"[anonymized]",.43284649,15,0
"[anonymized]",.40007615,15,0
"[anonymized]",.43788511,15,0
"[anonymized]",.43750548,15,0
"[anonymized]",.41993296,15,0
"[anonymized]",.52285463,16,0
"[anonymized]",.57088178,16,0
"[anonymized]",.54501408,16,0
"[anonymized]",.54040796,16,0
"[anonymized]",.53407627,16,0
"[anonymized]",.54723024,16,0
"[anonymized]",.55593967,16,0
"[anonymized]",.50650835,16,0
"[anonymized]",.52209228,16,0
"[anonymized]",.51792824,16,0
"[anonymized]",.54723024,16,0
"[anonymized]",.5954873,16,0
"[anonymized]",.50650835,16,0
"[anonymized]",.50650835,16,0
"[anonymized]",.50650835,16,0
"[anonymized]",.56636608,16,0
"[anonymized]",.54664207,16,0
"[anonymized]",.69825047,17,0
"[anonymized]",.69775397,17,0
"[anonymized]",.69382983,17,0
"[anonymized]",.60637873,17,0
"[anonymized]",.64217162,17,0
"[anonymized]",.63377333,17,0
"[anonymized]",.76959574,18,0
"[anonymized]",.76959574,18,0
"[anonymized]",.76959574,18,0
"[anonymized]",.76959574,18,0
"[anonymized]",.75341064,18,0
"[anonymized]",.88140643,19,0
"[anonymized]",.86421192,19,0
"[anonymized]",1.3184843,20,0
"[anonymized]",-.0012777511,10,0
"[anonymized]",-.091931105,10,0
"[anonymized]",-.044249203,10,0
"[anonymized]",-.037182454,10,0
"[anonymized]",-.054038335,10,0
"[anonymized]",-.3972356,7,1
"[anonymized]",-.39985323,7,0
"[anonymized]",-.29506192,8,1
"[anonymized]",-.217071,8,1
"[anonymized]",-.20668289,8,1
"[anonymized]",-.13474625,9,1
"[anonymized]",-.060583439,10,1
"[anonymized]",-.0049606678,10,1
"[anonymized]",-.059151739,10,1
"[anonymized]",-.099389598,10,1
"[anonymized]",.072496444,11,1
"[anonymized]",.085275784,11,1
"[anonymized]",.012806127,11,1
"[anonymized]",.059630979,11,1
"[anonymized]",.12936643,12,1
"[anonymized]",.1182451,12,1
"[anonymized]",.15524185,12,1
"[anonymized]",.25028434,13,1
"[anonymized]",.20221922,13,1
"[anonymized]",.21158318,13,1
"[anonymized]",.29453367,13,1
"[anonymized]",.22221626,13,1
"[anonymized]",.22519372,13,1
"[anonymized]",.36836407,14,1
"[anonymized]",.375067,14,1
"[anonymized]",.36318898,14,1
"[anonymized]",.39997843,14,1
"[anonymized]",.33151278,14,1
"[anonymized]",.37695783,14,1
"[anonymized]",.32661736,14,1
"[anonymized]",.30445039,14,1
"[anonymized]",.31589013,14,1
"[anonymized]",.33442146,14,1
"[anonymized]",.31746563,14,1
"[anonymized]",.3316218,14,1
"[anonymized]",.41687134,15,1
"[anonymized]",.42911091,15,1
"[anonymized]",.4993867,15,1
"[anonymized]",.48685306,15,1
"[anonymized]",.40722886,15,1
"[anonymized]",.41914341,15,1
"[anonymized]",.43153548,15,1
"[anonymized]",.46859887,15,1
"[anonymized]",.46856192,15,1
"[anonymized]",.4037047,15,1
"[anonymized]",.42014977,15,1
"[anonymized]",.41951069,15,1
"[anonymized]",.49507028,15,1
"[anonymized]",.40451044,15,1
"[anonymized]",.45335516,15,1
"[anonymized]",.46195644,15,1
"[anonymized]",.45471001,15,1
"[anonymized]",.46819541,15,1
"[anonymized]",.44632846,15,1
"[anonymized]",.46784052,15,1
"[anonymized]",.44632983,15,1
"[anonymized]",.4910996,15,1
"[anonymized]",.48169193,15,1
"[anonymized]",.42998046,15,1
"[anonymized]",.47685128,15,1
"[anonymized]",.43144205,15,1
"[anonymized]",.46823227,15,1
"[anonymized]",.42116305,15,1
"[anonymized]",.49801779,15,1
"[anonymized]",.47665823,15,1
"[anonymized]",.50741529,16,1
"[anonymized]",.52000105,16,1
"[anonymized]",.54188675,16,1
"[anonymized]",.51249689,16,1
"[anonymized]",.50311512,16,1
"[anonymized]",.51866549,16,1
"[anonymized]",.54528576,16,1
"[anonymized]",.57458121,16,1
"[anonymized]",.55907977,16,1
"[anonymized]",.56414878,16,1
"[anonymized]",.50679278,16,1
"[anonymized]",.59763211,16,1
"[anonymized]",.584382,16,1
"[anonymized]",.51632744,16,1
"[anonymized]",.58303493,16,1
"[anonymized]",.57842577,16,1
"[anonymized]",.54547328,16,1
"[anonymized]",.54969496,16,1
"[anonymized]",.537633,16,1
"[anonymized]",.52499253,16,1
"[anonymized]",.58060932,16,1
"[anonymized]",.68321562,17,1
"[anonymized]",.69330168,17,1
"[anonymized]",.69939917,17,1
"[anonymized]",.66125691,17,1
"[anonymized]",.69426411,17,1
"[anonymized]",.61894536,17,1
"[anonymized]",.61929303,17,1
"[anonymized]",.6874963,17,1
"[anonymized]",.62900388,17,1
"[anonymized]",.65304321,17,1
"[anonymized]",.67045701,17,1
"[anonymized]",.67663205,17,1
"[anonymized]",.68672943,17,1
"[anonymized]",.67465436,17,1
"[anonymized]",.68495697,17,1
"[anonymized]",.61988157,17,1
"[anonymized]",.63736105,17,1
"[anonymized]",.6534549,17,1
"[anonymized]",.69544482,17,1
"[anonymized]",.67011172,17,1
"[anonymized]",.61613822,17,1
"[anonymized]",.65937382,17,1
"[anonymized]",.69011319,17,1
"[anonymized]",.62493157,17,1
"[anonymized]",.63174963,17,1
"[anonymized]",.64651799,17,1
"[anonymized]",.63079226,17,1
"[anonymized]",.61400574,17,1
"[anonymized]",.64808524,17,1
"[anonymized]",.65548283,17,1
"[anonymized]",.62836403,17,1
"[anonymized]",.69939917,17,1
"[anonymized]",.65369558,17,1
"[anonymized]",.75096422,18,1
"[anonymized]",.73442876,18,1
"[anonymized]",.7680487,18,1
"[anonymized]",.7356528,18,1
"[anonymized]",.75014305,18,1
"[anonymized]",.77838516,18,1
"[anonymized]",.75808519,18,1
"[anonymized]",.72643423,18,1
"[anonymized]",.75188756,18,1
"[anonymized]",.7384755,18,1
"[anonymized]",.78646058,18,1
"[anonymized]",.71452689,18,1
"[anonymized]",.78498054,18,1
"[anonymized]",.78653187,18,1
"[anonymized]",.70033741,18,1
"[anonymized]",.73857337,18,1
"[anonymized]",.79055166,18,1
"[anonymized]",.71194476,18,1
"[anonymized]",.72995836,18,1
"[anonymized]",.71096605,18,1
"[anonymized]",.73788154,18,1
"[anonymized]",.75831467,18,1
"[anonymized]",.70923108,18,1
"[anonymized]",.79117519,18,1
"[anonymized]",.74093503,18,1
"[anonymized]",.72325087,18,1
"[anonymized]",.75778133,18,1
"[anonymized]",.78225803,18,1
"[anonymized]",.76039004,18,1
"[anonymized]",.76640284,18,1
"[anonymized]",.70854288,18,1
"[anonymized]",.71830773,18,1
"[anonymized]",.86372709,19,1
"[anonymized]",.88828766,19,1
"[anonymized]",.80880696,19,1
"[anonymized]",.82446706,19,1
"[anonymized]",.89675814,19,1
"[anonymized]",.86694849,19,1
"[anonymized]",.88380325,19,1
"[anonymized]",.80343455,19,1
"[anonymized]",.80289835,19,1
"[anonymized]",.88461018,19,1
"[anonymized]",.85003257,19,1
"[anonymized]",.85603762,19,1
"[anonymized]",.84239042,19,1
"[anonymized]",.83747309,19,1
"[anonymized]",.82647902,19,1
"[anonymized]",.82628775,19,1
"[anonymized]",.88434911,19,1
"[anonymized]",.88982433,19,1
"[anonymized]",.84253579,19,1
"[anonymized]",.80147618,19,1
"[anonymized]",.83193064,19,1
"[anonymized]",.88434714,19,1
"[anonymized]",.88344276,19,1
"[anonymized]",.84253579,19,1
"[anonymized]",.84989429,19,1
"[anonymized]",.84245765,19,1
"[anonymized]",.89523393,19,1
"[anonymized]",.89864725,19,1
"[anonymized]",.89127398,19,1
"[anonymized]",.84157681,19,1
"[anonymized]",.82951385,19,1
"[anonymized]",.82999319,19,1
"[anonymized]",.87127888,19,1
"[anonymized]",.85953259,19,1
"[anonymized]",.859662,19,1
"[anonymized]",.85308492,19,1
"[anonymized]",.85790253,19,1
"[anonymized]",.83783245,19,1
"[anonymized]",.81563789,19,1
"[anonymized]",.89447409,19,1
"[anonymized]",1.2289045,20,1
"[anonymized]",.96204692,20,1
"[anonymized]",1.3294863,20,1
"[anonymized]",1.6012961,20,1
"[anonymized]",1.2452796,20,1
"[anonymized]",1.30788,20,1
"[anonymized]",1.3734752,20,1
"[anonymized]",1.2874023,20,1
"[anonymized]",.91536558,20,1
"[anonymized]",1.2307373,20,1
"[anonymized]",1.8277177,20,1
"[anonymized]",1.1019646,20,1
"[anonymized]",1.6013036,20,1
"[anonymized]",1.5812724,20,1
"[anonymized]",1.1678689,20,1
"[anonymized]",1.4174821,20,1
"[anonymized]",1.0570097,20,1
"[anonymized]",1.0415728,20,1
"[anonymized]",1.5462395,20,1
"[anonymized]",2.2968833,20,1
"[anonymized]",1.2008429,20,1
"[anonymized]",.91782439,20,1
"[anonymized]",.97522587,20,1
"[anonymized]",2.994338,20,1
"[anonymized]",1.0799776,20,1
"[anonymized]",1.0347791,20,1
"[anonymized]",1.6207733,20,1
"[anonymized]",2.0366054,20,1
"[anonymized]",1.7530808,20,1
"[anonymized]",1.4882556,20,1
"[anonymized]",1.03827,20,1
"[anonymized]",1.1028588,20,1
"[anonymized]",1.0416349,20,1
"[anonymized]",1.2404869,20,1
"[anonymized]",1.3798099,20,1
"[anonymized]",1.7052124,20,1
"[anonymized]",1.210476,20,1
"[anonymized]",1.2854339,20,1
"[anonymized]",1.1379505,20,1
"[anonymized]",.90056312,20,1
"[anonymized]",1.486086,20,1
"[anonymized]",1.7007781,20,1
"[anonymized]",.95997769,20,1
"[anonymized]",2.1377704,20,1
"[anonymized]",1.7428787,20,1
"[anonymized]",1.2384446,20,1
"[anonymized]",1.9198091,20,1
"[anonymized]",1.8198558,20,1
"[anonymized]",-.000199588,10,1
"[anonymized]",-.2709561,8,0
"[anonymized]",-.29659551,8,1
"[anonymized]",-.059833847,10,1
"[anonymized]",-.070034735,10,0
"[anonymized]",-.023707729,10,0
"[anonymized]",.000203868,11,0
"[anonymized]",.013234738,11,0
"[anonymized]",.035148289,11,0
"[anonymized]",.000203868,11,0
"[anonymized]",.044153016,11,0
"[anonymized]",.020592013,11,0
"[anonymized]",.077951476,11,1
"[anonymized]",.037526723,11,0
"[anonymized]",.040872253,11,1
"[anonymized]",.047493871,11,1
"[anonymized]",.001817264,11,1
"[anonymized]",.006944574,11,0
"[anonymized]",.031788569,11,0
"[anonymized]",.12019805,12,1
"[anonymized]",.11581706,12,0
"[anonymized]",.1188623,12,1
"[anonymized]",.17960902,12,0
"[anonymized]",.19176717,12,1
"[anonymized]",.14546029,12,0
"[anonymized]",.10164537,12,1
"[anonymized]",.16896121,12,1
"[anonymized]",.13977349,12,0
"[anonymized]",.15944205,12,0
"[anonymized]",.10304698,12,1
"[anonymized]",.12481962,12,0
"[anonymized]",.16437112,12,1
"[anonymized]",.12855707,12,1
"[anonymized]",.19163689,12,1
"[anonymized]",.16112083,12,0
"[anonymized]",.10677252,12,0
"[anonymized]",.18294966,12,1
"[anonymized]",.23831832,13,1
"[anonymized]",.2671437,13,1
"[anonymized]",.2143479,13,1
"[anonymized]",.2029454,13,0
"[anonymized]",.21437287,13,0
"[anonymized]",.25791991,13,0
"[anonymized]",.23898242,13,1
"[anonymized]",.24073114,13,0
"[anonymized]",.20127892,13,1
"[anonymized]",.23977152,13,1
"[anonymized]",.28457776,13,1
"[anonymized]",.22389147,13,0
"[anonymized]",.340103,14,0
"[anonymized]",.32523555,14,1
"[anonymized]",.34399733,14,0
"[anonymized]",.30028689,14,1
"[anonymized]",.31019345,14,1
"[anonymized]",.35258856,14,0
"[anonymized]",.36638737,14,1
"[anonymized]",.37897882,14,1
"[anonymized]",.34989586,14,0
"[anonymized]",.30536267,14,1
"[anonymized]",.37372756,14,0
"[anonymized]",.31074503,14,1
"[anonymized]",.31746563,14,1
"[anonymized]",.33222687,14,1
"[anonymized]",.3466993,14,0
"[anonymized]",.33509704,14,0
"[anonymized]",.3277469,14,1
"[anonymized]",.37255538,14,1
"[anonymized]",.33765107,14,0
"[anonymized]",.36377138,14,0
"[anonymized]",.41874519,15,0
"[anonymized]",.41910914,15,0
"[anonymized]",.46885946,15,0
"[anonymized]",.40349597,15,0
"[anonymized]",.43272984,15,0
"[anonymized]",.46531138,15,0
"[anonymized]",.59295559,16,1
"[anonymized]",.54501408,16,0
"[anonymized]",.58389741,16,0
"[anonymized]",.56074107,16,0
"[anonymized]",.53315049,16,1
"[anonymized]",.57980454,16,1
"[anonymized]",.57776469,16,0
"[anonymized]",.63463026,17,1
"[anonymized]",.65931249,17,0
"[anonymized]",.63617861,17,1
"[anonymized]",.67409188,17,1
"[anonymized]",.61570746,17,1
"[anonymized]",.67914397,17,0
"[anonymized]",.61070579,17,0
"[anonymized]",.62813962,17,1
"[anonymized]",.69319332,17,1
"[anonymized]",.74799043,18,0
"[anonymized]",.72279578,18,1
"[anonymized]",.76214987,18,0
"[anonymized]",.73672307,18,0
"[anonymized]",.7959367,18,0
"[anonymized]",.7094329,18,1
"[anonymized]",.71973127,18,0
"[anonymized]",.72818649,18,0
"[anonymized]",.89572763,19,0
"[anonymized]",.83239383,19,0
"[anonymized]",.83533913,19,1
"[anonymized]",.87408477,19,1
"[anonymized]",.84884131,19,0
"[anonymized]",.95229667,20,1
